1,Fila nr 1,1
2,Fila nr 2,2
3,Fila nr 3,3
4,Fila nr 4,4
5,Fila nr 5,5
6,Fila nr 6,6
7,Fila nr 7,7
8,Fila nr 8,8
9,Fila nr 9,9
10,Fila nr 10,10
11,Fila nr 11,11
12,Fila nr 12,12
13,Fila nr 13,13
14,Fila nr 14,14
15,Fila nr 15,15
16,Fila nr 16,16
17,Fila nr 17,17
18,Fila nr 18,18
19,Fila nr 19,19
20,Fila nr 20,20
21,Fila nr 21,21
22,Fila nr 22,22
23,Fila nr 23,23
24,Fila nr 24,24
25,Fila nr 25,25
26,Fila nr 26,26
27,Fila nr 27,27
28,Fila nr 28,28
29,Fila nr 29,29
30,Fila nr 30,30
31,Fila nr 31,31
32,Fila nr 32,32
33,Fila nr 33,33
34,Fila nr 34,34
35,Fila nr 35,35
36,Fila nr 36,36
37,Fila nr 37,37
38,Fila nr 38,38
39,Fila nr 39,39
40,Fila nr 40,40
41,Fila nr 41,41
42,Fila nr 42,42
43,Fila nr 43,43
44,Fila nr 44,44
45,Fila nr 45,45
46,Fila nr 46,46
47,Fila nr 47,47
48,Fila nr 48,48
49,Fila nr 49,49
50,Fila nr 50,50
51,Fila nr 51,51
52,Fila nr 52,52
53,Fila nr 53,53
54,Fila nr 54,54
55,Fila nr 55,55
56,Fila nr 56,56
57,Fila nr 57,57
58,Fila nr 58,58
59,Fila nr 59,59
60,Fila nr 60,60
61,Fila nr 61,61
62,Fila nr 62,62
63,Fila nr 63,63
64,Fila nr 64,64
65,Fila nr 65,65
66,Fila nr 66,66
67,Fila nr 67,67
68,Fila nr 68,68
69,Fila nr 69,69
70,Fila nr 70,70
